Category: All categories,
,
Month,justin timberlake: (United States)
2004-01,20
2004-02,87
2004-03,13
2004-04,11
2004-05,9
2004-06,9
2004-07,12
2004-08,9
2004-09,7
2004-10,7
2004-11,6
2004-12,6
2005-01,7
2005-02,7
2005-03,8
2005-04,7
2005-05,7
2005-06,5
2005-07,5
2005-08,5
2005-09,4
2005-10,4
2005-11,3
2005-12,4
2006-01,4
2006-02,5
2006-03,3
2006-04,3
2006-05,3
2006-06,7
2006-07,30
2006-08,39
2006-09,56
2006-10,44
2006-11,33
2006-12,43
2007-01,52
2007-02,56
2007-03,38
2007-04,24
2007-05,20
2007-06,21
2007-07,22
2007-08,24
2007-09,36
2007-10,20
2007-11,17
2007-12,16
2008-01,12
2008-02,13
2008-03,11
2008-04,12
2008-05,11
2008-06,12
2008-07,10
2008-08,7
2008-09,8
2008-10,10
2008-11,25
2008-12,19
2009-01,16
2009-02,20
2009-03,17
2009-04,14
2009-05,22
2009-06,13
2009-07,11
2009-08,9
2009-09,11
2009-10,14
2009-11,9
2009-12,12
2010-01,15
2010-02,12
2010-03,10
2010-04,11
2010-05,11
2010-06,9
2010-07,9
2010-08,8
2010-09,9
2010-10,16
2010-11,9
2010-12,11
2011-01,10
2011-02,11
2011-03,11
2011-04,8
2011-05,17
2011-06,16
2011-07,22
2011-08,12
2011-09,13
2011-10,15
2011-11,15
2011-12,14
2012-01,17
2012-02,13
2012-03,10
2012-04,10
2012-05,10
2012-06,9
2012-07,11
2012-08,10
2012-09,11
2012-10,18
2012-11,10
2012-12,11
2013-01,31
2013-02,50
2013-03,90
2013-04,48
2013-05,44
2013-06,31
2013-07,45
2013-08,68
2013-09,51
2013-10,36
2013-11,41
2013-12,40
2014-01,33
2014-02,38
2014-03,24
2014-04,24
2014-05,28
2014-06,20
2014-07,20
2014-08,18
2014-09,15
2014-10,13
2014-11,14
2014-12,18
2015-01,12
2015-02,15
2015-03,12
2015-04,15
2015-05,10
2015-06,9
2015-07,9
2015-08,9
2015-09,16
2015-10,9
2015-11,28
2015-12,12
2016-01,11
2016-02,11
2016-03,9
2016-04,11
2016-05,26
2016-06,20
2016-07,17
2016-08,14
2016-09,11
2016-10,17
2016-11,14
2016-12,10
2017-01,12
2017-02,22
2017-03,13
2017-04,11
2017-05,11
2017-06,10
2017-07,11
2017-08,11
2017-09,9
2017-10,11
2017-11,9
2017-12,9
2018-01,38
2018-02,100
2018-03,18
2018-04,17
2018-05,19
2018-06,10
2018-07,10
2018-08,10
2018-09,12
2018-10,12
2018-11,13
2018-12,12
2019-01,14
2019-02,11
2019-03,10
2019-04,9
2019-05,8
2019-06,6
2019-07,6
2019-08,6
2019-09,6
2019-10,6
2019-11,23
2019-12,26
2020-01,8
2020-02,9
2020-03,7
2020-04,11
2020-05,7
2020-06,5
2020-07,9
2020-08,6
2020-09,6
2020-10,6
2020-11,6
2020-12,7
2021-01,13
